{
  "Arts": {
    "Art": [
      {
        "artid": 1,
        "title": "Australian Arts",
        "description": "Australian Arts",
        "imagepath": "kangaroos.jfif",
        "RedirectURL": "?art=1",
        "seqno": 1
      },
      {
        "artid": 2,
        "title": "British Arts",
        "description": "British Arts",
        "imagepath": "british.jpg",
        "RedirectURL": "?art=2",
        "seqno": 2
      },
      {
        "artid": 3,
        "title": "Chinese Arts",
        "description": "Photography",
        "imagepath": "the-great-wall-of-china.jpg",
        "RedirectURL": "?art=3",
        "seqno": 3
      },
      {
        "artid": 4,
        "title": "Japanese Arts",
        "description": "Japanese arts",
        "imagepath": "japan.jfif",
        "RedirectURL": "?art=4",
        "seqno": 4
      },
      {
        "artid": 5,
        "title": "European Arts",
        "description": "Photography",
        "imagepath": "Europe.jpg",
        "RedirectURL": "?art=5",
        "seqno": 5
      },
      {
        "artid": 6,
        "title": "American Arts",
        "description": "Japanese arts",
        "imagepath": "liberty.jfif",
        "RedirectURL": "?art=6",
        "seqno": 6
      }
    ]
  },
  "Artists": {
    "Artist": [
      {
        "artistid": 1,
        "artistname": "Arthur Boyd",
        "designation": "Vice Chairman, 20th and 21st Century Art, Americas",
        "imagepath": "1.jpg",
        "email": "MCARTER@test.COM",
        "contact": "+1 212 636 2311",
        "arts": {
          "artid": [
            1
          ]
        }
      },
      {
        "artistid": 2,
        "artistname": "Arthur streeton",
        "designation": "CIO, 20th and 21st Century Art, Americas",
        "imagepath": "2.jpg",
        "email": "SUSENHARVEY@test.COM",
        "contact": "+1 212 232 2091",
        "arts": {
          "artid": [
            1
          ]
        }
      },
      {
        "artistid": 3,
        "artistname": "John Brack",
        "designation": "Co-head of Departmen",
        "imagepath": "3.jpg",
        "email": "CRISTIANALBUVDE@test.COM",
        "contact": "+44 (0)20 7342 1421",
        "arts": {
          "artid": [
            1
          ]
        }
      },
      {
        "artistid": 4,
        "artistname": "Ernest Buckmaster",
        "designation": "Co-head of Departmen",
        "imagepath": "4.jpg",
        "email": "CRISTIANALBUVDE@test.COM",
        "contact": "+44 (0)20 7342 1421",
        "arts": {
          "artid": [
            1
          ]
        }
      },
      {
        "artistid": 5,
        "artistname": "Hans Heysen",
        "designation": "Chairman, 20th and 21st Century Art, Americas",
        "imagepath": "5.jpg",
        "email": "RUSSELHUGG@test.COM",
        "contact": "+1 212 291 9287",
        "arts": {
          "artid": [
            1
          ]
        }
      },
      {
        "artistid": 6,
        "artistname": "Joshua Reynolds",
        "designation": "Vice Chairman, 20th and 21st Century Art, Americas",
        "imagepath": "6.jpg",
        "email": "MCARTER@test.COM",
        "contact": "+1 212 636 2311",
        "arts": {
          "artid": [
            2
          ]
        }
      },
      {
        "artistid": 7,
        "artistname": "John Constable",
        "designation": "CIO, 20th and 21st Century Art, Americas",
        "imagepath": "7.jpg",
        "email": "SUSENHARVEY@test.COM",
        "contact": "+1 212 232 2091",
        "arts": {
          "artid": [
            2
          ]
        }
      },
      {
        "artistid": 8,
        "artistname": "John Martin",
        "designation": "Chairman, 20th and 21st Century Art, Americas",
        "imagepath": "8.jpg",
        "email": "RUSSELHUGG@test.COM",
        "contact": "+1 212 291 9287",
        "arts": {
          "artid": [
            2
          ]
        }
      },
      {
        "artistid": 9,
        "artistname": "Alfred Sisley",
        "designation": "Co-head of Departmen",
        "imagepath": "9.jpg",
        "email": "CRISTIANALBUVDE@test.COM",
        "contact": "+44 (0)20 7342 1421",
        "arts": {
          "artid": [
            2
          ]
        }
      },
      {
        "artistid": 10,
        "artistname": "David Hockney",
        "designation": "Co-head of Departmen",
        "imagepath": "10.jpg",
        "email": "CRISTIANALBUVDE@test.COM",
        "contact": "+44 (0)20 7342 1421",
        "arts": {
          "artid": [
            2
          ]
        }
      },
      {
        "artistid": 11,
        "artistname": "WEI LIGANG",
        "designation": "Vice Chairman, 20th and 21st Century Art, Americas",
        "imagepath": "11.jpg",
        "email": "MCARTER@test.COM",
        "contact": "+1 212 636 2311",
        "arts": {
          "artid": [
            3
          ]
        }
      },
      {
        "artistid": 12,
        "artistname": "WILSON KA HO SHIEH ",
        "designation": "CIO, 20th and 21st Century Art, Americas",
        "imagepath": "12.jpg",
        "email": "SUSENHARVEY@test.COM",
        "contact": "+1 212 232 2091",
        "arts": {
          "artid": [
            3
          ]
        }
      },
      {
        "artistid": 13,
        "artistname": "CHEN JIALING ",
        "designation": "Chairman, 20th and 21st Century Art, Americas",
        "imagepath": "13.jpg",
        "email": "RUSSELHUGG@test.COM",
        "contact": "+1 212 291 9287",
        "arts": {
          "artid": [
            3
          ]
        }
      },
      {
        "artistid": 14,
        "artistname": "HU YONGKAI",
        "designation": "Co-head of Departmen",
        "imagepath": "14.jpg",
        "email": "CRISTIANALBUVDE@test.COM",
        "contact": "+44 (0)20 7342 1421",
        "arts": {
          "artid": [
            3
          ]
        }
      },
      {
        "artistid": 15,
        "artistname": "Vincent van Gogh",
        "designation": "Co-head of Departmen",
        "imagepath": "15.jpg",
        "email": "CRISTIANALBUVDE@test.COM",
        "contact": "+44 (0)20 7342 1421",
        "arts": {
          "artid": [
            3
          ]
        }
      },
      {
        "artistid": 16,
        "artistname": "Yoshitomo nara",
        "designation": "Vice Chairman, 20th and 21st Century Art, Americas",
        "imagepath": "16.jpg",
        "email": "MCARTER@test.COM",
        "contact": "+1 212 636 2311",
        "arts": {
          "artid": [
            4
          ]
        }
      },
      {
        "artistid": 17,
        "artistname": "ZHANG DAQIAN",
        "designation": "CIO, 20th and 21st Century Art, Americas",
        "imagepath": "17.jpg",
        "email": "SUSENHARVEY@test.COM",
        "contact": "+1 212 232 2091",
        "arts": {
          "artid": [
            4
          ]
        }
      },
      {
        "artistid": 18,
        "artistname": "Takashi murakami",
        "designation": "Chairman, 20th and 21st Century Art, Americas",
        "imagepath": "18.jpg",
        "email": "RUSSELHUGG@test.COM",
        "contact": "+1 212 291 9287",
        "arts": {
          "artid": [
            4
          ]
        }
      },
      {
        "artistid": 19,
        "artistname": "Yayoi kusama",
        "designation": "Co-head of Departmen",
        "imagepath": "19.jpg",
        "email": "CRISTIANALBUVDE@test.COM",
        "contact": "+44 (0)20 7342 1421",
        "arts": {
          "artid": [
            4
          ]
        }
      },
      {
        "artistid": 20,
        "artistname": "CHIHARU SHIOTA",
        "designation": "Co-head of Departmen",
        "imagepath": "20.jpg",
        "email": "CRISTIANALBUVDE@test.COM",
        "contact": "+44 (0)20 7342 1421",
        "arts": {
          "artid": [
            4
          ]
        }
      },
      {
        "artistid": 21,
        "artistname": "Arthur Boyd",
        "designation": "Vice Chairman, 20th and 21st Century Art, Americas",
        "imagepath": "1.jpg",
        "email": "MCARTER@test.COM",
        "contact": "+1 212 636 2311",
        "arts": {
          "artid": [
            5
          ]
        }
      },
      {
        "artistid": 22,
        "artistname": "Arthur streeton",
        "designation": "CIO, 20th and 21st Century Art, Americas",
        "imagepath": "2.jpg",
        "email": "SUSENHARVEY@test.COM",
        "contact": "+1 212 232 2091",
        "arts": {
          "artid": [
            5
          ]
        }
      },
      {
        "artistid": 23,
        "artistname": "John Brack",
        "designation": "Co-head of Departmen",
        "imagepath": "3.jpg",
        "email": "CRISTIANALBUVDE@test.COM",
        "contact": "+44 (0)20 7342 1421",
        "arts": {
          "artid": [
            5
          ]
        }
      },
      {
        "artistid": 24,
        "artistname": "Ernest Buckmaster",
        "designation": "Co-head of Departmen",
        "imagepath": "4.jpg",
        "email": "CRISTIANALBUVDE@test.COM",
        "contact": "+44 (0)20 7342 1421",
        "arts": {
          "artid": [
            5
          ]
        }
      },
      {
        "artistid": 25,
        "artistname": "Hans Heysen",
        "designation": "Chairman, 20th and 21st Century Art, Americas",
        "imagepath": "5.jpg",
        "email": "RUSSELHUGG@test.COM",
        "contact": "+1 212 291 9287",
        "arts": {
          "artid": [
            6
          ]
        }
      },
      {
        "artistid": 26,
        "artistname": "Joshua Reynolds",
        "designation": "Vice Chairman, 20th and 21st Century Art, Americas",
        "imagepath": "6.jpg",
        "email": "MCARTER@test.COM",
        "contact": "+1 212 636 2311",
        "arts": {
          "artid": [
            6
          ]
        }
      },
      {
        "artistid": 27,
        "artistname": "John Constable",
        "designation": "CIO, 20th and 21st Century Art, Americas",
        "imagepath": "7.jpg",
        "email": "SUSENHARVEY@test.COM",
        "contact": "+1 212 232 2091",
        "arts": {
          "artid": [
            6
          ]
        }
      },
      {
        "artistid": 28,
        "artistname": "John Martin",
        "designation": "Chairman, 20th and 21st Century Art, Americas",
        "imagepath": "8.jpg",
        "email": "RUSSELHUGG@test.COM",
        "contact": "+1 212 291 9287",
        "arts": {
          "artid": [
            6
          ]
        }
      }
    ]
  },
  "Items": {
    "Item": [
      {
        "ItemID": 1,
        "ItemName": "Behind Rye, Victoria",
        "description": "Dimensiones de la imagen sin marco: 28 x 23 cm / 41 x 36 cm con precioso marco.",
        "year": "2000-2001",
        "artists": {
          "artistid": [
            1,21
          ]
        },
        "images": {
          "imagepath": [
            "Arthur-Boyd/Behind-Rye-Victoria.png",
            "louis-dali-2.png",
            "louis-dali-3.png"
          ]
        }
      },
      {
        "ItemID": 2,
        "ItemName": "Figure with red dog and book",
        "description": "Special work of a special artist such as Jose Mª Marfa was a painter of excellent technique with a perfect mastery of drawing and color.",
        "year": "2001-2005",
        "artists": {
          "artistid": 1
        },
        "images": {
          "imagepath": ["Arthur-Boyd/Figure-with-red-dog-and-book.png"]
        }
      },
      {
        "ItemID": 3,
        "ItemName": "Suffolk Woods, Ramsholt (Trees 1)",
        "description": "Fraai groot werk dat in een naïeve stijl geschilderd is voorstellende een strandzicht aan de Atlantische kust in Frankrijk.",
        "year": "1922-1988",
        "artists": {
          "artistid": [
            1
          ]
        },
        "images": {
          "imagepath": [
            "Arthur-Boyd/Suffolk-Woods-Ramsholt-(Trees-1).png",
            "a-regniter-2.png"
          ]
        }
      },
      {
        "ItemID": 4,
        "ItemName": "Shoalhaven - Broken Cliff Face",
        "description": "Fraai groot werk dat in een naïeve stijl geschilderd is voorstellende een strandzicht aan de Atlantische kust in Frankrijk.",
        "year": "1922-1988",
        "artists": {
          "artistid": [
            1
          ]
        },
        "images": {
          "imagepath": [
            "Arthur-Boyd/Shoalhaven---Broken-Cliff-Face.png",
            "a-regniter-2.png"
          ]
        }
      },
      {
        "ItemID": 5,
        "ItemName": "Santa Maria della Salute (Sunny)",
        "description": "Fraai groot werk dat in een naïeve stijl geschilderd is voorstellende een strandzicht aan de Atlantische kust in Frankrijk.",
        "year": "1922-1988",
        "artists": {
          "artistid": [
            2,21
          ]
        },
        "images": {
          "imagepath": [
            "Arthur-streeton/Santa-Maria-della-Salute-(Sunny).png",
            "a-regniter-2.png"
          ]
        }
      },
      {
        "ItemID": 6,
        "ItemName": "Barnes Common, Surrey",
        "description": "Fraai groot werk dat in een naïeve stijl geschilderd is voorstellende een strandzicht aan de Atlantische kust in Frankrijk.",
        "year": "1922-1988",
        "artists": {
          "artistid": [
            2,21
          ]
        },
        "images": {
          "imagepath": [
            "Arthur-streeton/Barnes-Common-Surrey.png",
            "a-regniter-2.png"
          ]
        }
      },
      {
        "ItemID": 7,
        "ItemName": "Greaves's Farm, Heidelberg",
        "description": "Fraai groot werk dat in een naïeve stijl geschilderd is voorstellende een strandzicht aan de Atlantische kust in Frankrijk.",
        "year": "1922-1988",
        "artists": {
          "artistid": [
            2,21
          ]
        },
        "images": {
          "imagepath": [
            "Arthur-streeton/Greavess-Farm-Heidelberg.png",
            "a-regniter-2.png"
          ]
        }
      },
      {
        "ItemID": 8,
        "ItemName": "Melbourne from the Dandedongs",
        "description": "Fraai groot werk dat in een naïeve stijl geschilderd is voorstellende een strandzicht aan de Atlantische kust in Frankrijk.",
        "year": "1922-1988",
        "artists": {
          "artistid": [
            3
          ]
        },
        "images": {
          "imagepath": [
            "Arthur-streeton/Melbourne-from-the-Dandedongs.png",
            "a-regniter-2.png"
          ]
        }
      },
      {
        "ItemID": 9,
        "ItemName": "Study for 'The Wedding Breakfast'",
        "description": "Fraai groot werk dat in een naïeve stijl geschilderd is voorstellende een strandzicht aan de Atlantische kust in Frankrijk.",
        "year": "1922-1988",
        "artists": {
          "artistid": [
            3
          ]
        },
        "images": {
          "imagepath": [
            "John-Brack/Study-for-The-Wedding-Breakfast.png",
            "a-regniter-2.png"
          ]
        }
      },
      {
        "ItemID": 10,
        "ItemName": "Jockeys Returning",
        "description": "Fraai groot werk dat in een naïeve stijl geschilderd is voorstellende een strandzicht aan de Atlantische kust in Frankrijk.",
        "year": "1922-1988",
        "artists": {
          "artistid": [
            3
          ]
        },
        "images": {
          "imagepath": [
            "John-Brack/Jockeys-Returning.png",
            "a-regniter-2.png"
          ]
        }
      },
      {
        "ItemID": 11,
        "ItemName": "Hairdressing",
        "description": "Fraai groot werk dat in een naïeve stijl geschilderd is voorstellende een strandzicht aan de Atlantische kust in Frankrijk.",
        "year": "1922-1988",
        "artists": {
          "artistid": [
            3
          ]
        },
        "images": {
          "imagepath": [
            "John-Brack/Hairdressing.png",
            "a-regniter-2.png"
          ]
        }
      },
      {
        "ItemID": 12,
        "ItemName": "Games",
        "description": "Fraai groot werk dat in een naïeve stijl geschilderd is voorstellende een strandzicht aan de Atlantische kust in Frankrijk.",
        "year": "1922-1988",
        "artists": {
          "artistid": [
            3
          ]
        },
        "images": {
          "imagepath": [
            "John-Brack/Games.png",
            "a-regniter-2.png"
          ]
        }
      },
      {
        "ItemID": 13,
        "ItemName": "A Back Track, Thornton, Victoria",
        "description": "Fraai groot werk dat in een naïeve stijl geschilderd is voorstellende een strandzicht aan de Atlantische kust in Frankrijk.",
        "year": "1922-1988",
        "artists": {
          "artistid": [
            4
          ]
        },
        "images": {
          "imagepath": [
            "Ernest-Buckmaster/A-Back-Track-Thornton-Victoria.png",
            "a-regniter-2.png"
          ]
        }
      },
      {
        "ItemID": 14,
        "ItemName": "Morning along the Goulburn Thornton towards Eildon, Victoria",
        "description": "Fraai groot werk dat in een naïeve stijl geschilderd is voorstellende een strandzicht aan de Atlantische kust in Frankrijk.",
        "year": "1922-1988",
        "artists": {
          "artistid": [
            4
          ]
        },
        "images": {
          "imagepath": [
            "Ernest-Buckmaster/Morning-along-the-Goulburn-Thornton-towards-Eildon-Victoria.png",
           "a-regniter-2.png"
          ]
        }
      },
      {
        "ItemID": 15,
        "ItemName": "Pink Rhododendrons",
        "description": "Fraai groot werk dat in een naïeve stijl geschilderd is voorstellende een strandzicht aan de Atlantische kust in Frankrijk.",
        "year": "1922-1988",
        "artists": {
          "artistid": [
            4
          ]
        },
        "images": {
          "imagepath": [
            "Ernest-Buckmaster/Pink-Rhododendrons.png",
            "a-regniter-2.png"
          ]
        }
      },
      {
        "ItemID": 16,
        "ItemName": "Sylvan Dam",
        "description": "Fraai groot werk dat in een naïeve stijl geschilderd is voorstellende een strandzicht aan de Atlantische kust in Frankrijk.",
        "year": "1922-1988",
        "artists": {
          "artistid": [
            4
          ]
        },
        "images": {
          "imagepath": [
            "Ernest-Buckmaster/Sylvan-Dam.png",
            "a-regniter-2.png"
          ]
        }
      },
      {
        "ItemID": 17,
        "ItemName": "White gums",
        "description": "Fraai groot werk dat in een naïeve stijl geschilderd is voorstellende een strandzicht aan de Atlantische kust in Frankrijk.",
        "year": "1922-1988",
        "artists": {
          "artistid": [
            5
          ]
        },
        "images": {
          "imagepath": [
            "Hans-Heysen/White-gums.png",
            "a-regniter-2.png"
          ]
        }
      },
      {
        "ItemID": 18,
        "ItemName": "A drover and cattle, Ambleside",
        "description": "Fraai groot werk dat in een naïeve stijl geschilderd is voorstellende een strandzicht aan de Atlantische kust in Frankrijk.",
        "year": "1922-1988",
        "artists": {
          "artistid": [
            5
          ]
        },
        "images": {
          "imagepath": [
            "Hans-Heysen/A-drover-and-cattle-Ambleside.png",
            "a-regniter-2.png"
          ]
        }
      },
      {
        "ItemID": 19,
        "ItemName": "Sheep grazing under gum trees",
        "description": "Fraai groot werk dat in een naïeve stijl geschilderd is voorstellende een strandzicht aan de Atlantische kust in Frankrijk.",
        "year": "1922-1988",
        "artists": {
          "artistid": [
            5
          ]
        },
        "images": {
          "imagepath": [
            "Hans-Heysen/Sheep-grazing-under-gum-trees.png",
            "a-regniter-2.png"
          ]
        }
      },
      {
        "ItemID": 20,
        "ItemName": "White river gums - summer. Ambleside, South Australia",
        "description": "Fraai groot werk dat in een naïeve stijl geschilderd is voorstellende een strandzicht aan de Atlantische kust in Frankrijk.",
        "year": "1922-1988",
        "artists": {
          "artistid": [
            5
          ]
        },
        "images": {
          "imagepath": [
            "Hans-Heysen/White-river-gums-summer-Ambleside-South-Australia.png",
            "a-regniter-2.png"
          ]
        }
      },
      {
        "ItemID": 21,
        "ItemName": "Seated, half-length, and her son",
        "description": "Fraai groot werk dat in een naïeve stijl geschilderd is voorstellende een strandzicht aan de Atlantische kust in Frankrijk.",
        "year": "1922-1988",
        "artists": {
          "artistid": [
            6
          ]
        },
        "images": {
          "imagepath": [
            "Joshua-Reynolds/seated-half-length-and-her-son.png",
            "a-regniter-2.png"
          ]
        }
      },
      {
        "ItemID": 22,
        "ItemName": "Full-length, in green classical dress, playing with a spaniel in a landscape",
        "description": "Fraai groot werk dat in een naïeve stijl geschilderd is voorstellende een strandzicht aan de Atlantische kust in Frankrijk.",
        "year": "1922-1988",
        "artists": {
          "artistid": [
            6
          ]
        },
        "images": {
          "imagepath": [
            "Joshua-Reynolds/full.png",
            "a-regniter-2.png"
          ]
        }
      },
      {
        "ItemID": 23,
        "ItemName": "The Skylark, Dedham (recto); Study of a cow standing in a stream (verso)",
        "description": "Fraai groot werk dat in een naïeve stijl geschilderd is voorstellende een strandzicht aan de Atlantische kust in Frankrijk.",
        "year": "1922-1988",
        "artists": {
          "artistid": [
            7
          ]
        },
        "images": {
          "imagepath": [
            "John-Constable/The-Skylark-Dedham-recto-Study-of-a-cow-standing-in-a-stream-verso.png",
             "a-regniter-2.png"
          ]
        }
      },
      {
        "ItemID": 24,
        "ItemName": "Woodland landscape",
        "description": "Fraai groot werk dat in een naïeve stijl geschilderd is voorstellende een strandzicht aan de Atlantische kust in Frankrijk.",
        "year": "1922-1988",
        "artists": {
          "artistid": [
            7
          ]
        },
        "images": {
          "imagepath": [
            "John-Constable/Woodland-landscape.png",
            "a-regniter-2.png"
          ]
        }
      },
      {
        "ItemID": 25,
        "ItemName": "Study of trees",
        "description": "Fraai groot werk dat in een naïeve stijl geschilderd is voorstellende een strandzicht aan de Atlantische kust in Frankrijk.",
        "year": "1922-1988",
        "artists": {
          "artistid": [
            7
          ]
        },
        "images": {
          "imagepath": [
            "John-Constable/Study-of-trees.png",
            "a-regniter-2.png"
          ]
        }
      },
      {
        "ItemID": 26,
        "ItemName": "The Old Mill Shed, Dedham",
        "description": "Fraai groot werk dat in een naïeve stijl geschilderd is voorstellende een strandzicht aan de Atlantische kust in Frankrijk.",
        "year": "1922-1988",
        "artists": {
          "artistid": [
            7
          ]
        },
        "images": {
          "imagepath": [
            "John-Constable/The-Old-Mill-Shed-Dedham.png",
            "a-regniter-2.png"
          ]
        }
      },
      {
        "ItemID": 27,
        "ItemName": "Figures in a classical landscape",
        "description": "Fraai groot werk dat in een naïeve stijl geschilderd is voorstellende een strandzicht aan de Atlantische kust in Frankrijk.",
        "year": "1922-1988",
        "artists": {
          "artistid": [
            8
          ]
        },
        "images": {
          "imagepath": [
            "John-Martin/Figures-in-a-classical-landscape.png",
             "a-regniter-2.png"
          ]
        }
      },
      {
        "ItemID": 28,
        "ItemName": "Illustrations to Paradise Lost",
        "description": "Fraai groot werk dat in een naïeve stijl geschilderd is voorstellende een strandzicht aan de Atlantische kust in Frankrijk.",
        "year": "1922-1988",
        "artists": {
          "artistid": [
            8
          ]
        },
        "images": {
          "imagepath": [
            "John-Martin/Illustrations-to-Paradise-Lost.png",
            "a-regniter-2.png"
          ]
        }
      },
      {
        "ItemID": 29,
        "ItemName": "Pandemonium",
        "description": "Fraai groot werk dat in een naïeve stijl geschilderd is voorstellende een strandzicht aan de Atlantische kust in Frankrijk.",
        "year": "1922-1988",
        "artists": {
          "artistid": [
            8
          ]
        },
        "images": {
          "imagepath": [
            "John-Martin/Pandemonium.png",
            "a-regniter-2.png"
          ]
        }
      },
      {
        "ItemID": 30,
        "ItemName": "The Destruction of Pharaoh's Host",
        "description": "Fraai groot werk dat in een naïeve stijl geschilderd is voorstellende een strandzicht aan de Atlantische kust in Frankrijk.",
        "year": "1922-1988",
        "artists": {
          "artistid": [
            8
          ]
        },
        "images": {
          "imagepath": [
            "John-Martin/The-Destruction-of-Pharaohs-Host.png",
            "a-regniter-2.png"
          ]
        }
      },
      {
        "ItemID": 31,
        "ItemName": "Canal du Loing à Saint-Mammès",
        "description": "Fraai groot werk dat in een naïeve stijl geschilderd is voorstellende een strandzicht aan de Atlantische kust in Frankrijk.",
        "year": "1922-1988",
        "artists": {
          "artistid": [
            9
          ]
        },
        "images": {
          "imagepath": [
            "Alfred-Sisley/Canal-du-Loing-à-Saint-Mammès.png",
            "a-regniter-2.png"
          ]
        }
      },
      {
        "ItemID": 32,
        "ItemName": "La Seine à Argenteuil",
        "description": "Fraai groot werk dat in een naïeve stijl geschilderd is voorstellende een strandzicht aan de Atlantische kust in Frankrijk.",
        "year": "1922-1988",
        "artists": {
          "artistid": [
            9
          ]
        },
        "images": {
          "imagepath": [
            "Alfred-Sisley/La-Seine-à-Argenteuil.png",
            "a-regniter-2.png"
          ]
        }
      },
      {
        "ItemID": 33,
        "ItemName": "Le village des Sablons, près de Veneux-Nadon",
        "description": "Fraai groot werk dat in een naïeve stijl geschilderd is voorstellende een strandzicht aan de Atlantische kust in Frankrijk.",
        "year": "1922-1988",
        "artists": {
          "artistid": [
            9
          ]
        },
        "images": {
          "imagepath": [
            "Alfred-Sisley/Le-village-des-Sablons-près-de-Veneux-Nadon.png",
            "a-regniter-2.png"
          ]
        }
      },
      {
        "ItemID": 34,
        "ItemName": "Moret-sur-Loing au soleil couchant",
        "description": "Fraai groot werk dat in een naïeve stijl geschilderd is voorstellende een strandzicht aan de Atlantische kust in Frankrijk.",
        "year": "1922-1988",
        "artists": {
          "artistid": [
            9
          ]
        },
        "images": {
          "imagepath": [
            "Alfred-Sisley/Moret-sur-Loing-au-soleil-couchant.png",
            "a-regniter-2.png"
          ]
        }
      },
      {
        "ItemID": 35,
        "ItemName": "Early Blossom, Woldgate",
        "description": "Fraai groot werk dat in een naïeve stijl geschilderd is voorstellende een strandzicht aan de Atlantische kust in Frankrijk.",
        "year": "1922-1988",
        "artists": {
          "artistid": [
            10,22
          ]
        },
        "images": {
          "imagepath": [
            "David-Hockney/Early-Blossom-Woldgate.png",
            "a-regniter-2.png"
          ]
        }
      },
      {
        "ItemID": 36,
        "ItemName": "Early Morning, Sainte Maxime",
        "description": "Fraai groot werk dat in een naïeve stijl geschilderd is voorstellende een strandzicht aan de Atlantische kust in Frankrijk.",
        "year": "1922-1988",
        "artists": {
          "artistid": [
            10,22
          ]
        },
        "images": {
          "imagepath": [
            "David-Hockney/Early-Morning-Sainte-Maxime.png",
            "a-regniter-2.png"
          ]
        }
      },
      {
        "ItemID": 37,
        "ItemName": "The Gate",
        "description": "Fraai groot werk dat in een naïeve stijl geschilderd is voorstellende een strandzicht aan de Atlantische kust in Frankrijk.",
        "year": "1922-1988",
        "artists": {
          "artistid": [
            10,22
          ]
        },
        "images": {
          "imagepath": [
            "David-Hockney/The-Gate.png",
            "a-regniter-2.png"
          ]
        }
      },
      {
        "ItemID": 38,
        "ItemName": "Winter Timber",
        "description": "Fraai groot werk dat in een naïeve stijl geschilderd is voorstellende een strandzicht aan de Atlantische kust in Frankrijk.",
        "year": "1922-1988",
        "artists": {
          "artistid": [
            10,22
          ]
        },
        "images": {
          "imagepath": [
            "David-Hockney/Winter-Timber.png",
            "a-regniter-2.png"
          ]
        }
      },
      {
        "ItemID": 39,
        "ItemName": "Winter Timber",
        "description": "Fraai groot werk dat in een naïeve stijl geschilderd is voorstellende een strandzicht aan de Atlantische kust in Frankrijk.",
        "year": "1922-1988",
        "artists": {
          "artistid": [
            15,23
          ]
        },
        "images": {
          "imagepath": [
            "Vincent-van-Gogh/1.png",
            "a-regniter-2.png"
          ]
        }
      },
      {
        "ItemID": 40,
        "ItemName": "Greaves's Farm, Heidelberg",
        "description": "Fraai groot werk dat in een naïeve stijl geschilderd is voorstellende een strandzicht aan de Atlantische kust in Frankrijk.",
        "year": "1922-1988",
        "artists": {
          "artistid": [
            15,23
          ]
        },
        "images": {
          "imagepath": [
            "Vincent-van-Gogh/2.png",
            "a-regniter-2.png"
          ]
        }
      },
      {
        "ItemID": 41,
        "ItemName": "ZHANG DAQIAN",
        "description": "Fraai groot werk dat in een naïeve stijl geschilderd is voorstellende een strandzicht aan de Atlantische kust in Frankrijk.",
        "year": "1922-1988",
        "artists": {
          "artistid": [
            15,23
          ]
        },
        "images": {
          "imagepath": [
            "Vincent-van-Gogh/3.png",
            "a-regniter-2.png"
          ]
        }
      },
      {
        "ItemID": 42,
        "ItemName": "Behind Rye, Victoria",
        "description": "Fraai groot werk dat in een naïeve stijl geschilderd is voorstellende een strandzicht aan de Atlantische kust in Frankrijk.",
        "year": "1922-1988",
        "artists": {
          "artistid": [
            15,23
          ]
        },
        "images": {
          "imagepath": [
            "Vincent-van-Gogh/4.png",
            "a-regniter-2.png"
          ]
        }
      },
      {
        "ItemID": 43,
        "ItemName": "Winter Timber",
        "description": "Fraai groot werk dat in een naïeve stijl geschilderd is voorstellende een strandzicht aan de Atlantische kust in Frankrijk.",
        "year": "1922-1988",
        "artists": {
          "artistid": [
            14
          ]
        },
        "images": {
          "imagepath": [
            "HU-YONGKAI/1.png",
            "a-regniter-2.png"
          ]
        }
      },
      {
        "ItemID": 44,
        "ItemName": "Greaves's Farm, Heidelberg",
        "description": "Fraai groot werk dat in een naïeve stijl geschilderd is voorstellende een strandzicht aan de Atlantische kust in Frankrijk.",
        "year": "1922-1988",
        "artists": {
          "artistid": [
            14
          ]
        },
        "images": {
          "imagepath": [
            "HU-YONGKAI/2.png",
            "a-regniter-2.png"
          ]
        }
      },
      {
        "ItemID": 45,
        "ItemName": "ZHANG DAQIAN",
        "description": "Fraai groot werk dat in een naïeve stijl geschilderd is voorstellende een strandzicht aan de Atlantische kust in Frankrijk.",
        "year": "1922-1988",
        "artists": {
          "artistid": [
            14
          ]
        },
        "images": {
          "imagepath": [
            "HU-YONGKAI/3.png",
            "a-regniter-2.png"
          ]
        }
      },
      {
        "ItemID": 46,
        "ItemName": "Behind Rye, Victoria",
        "description": "Fraai groot werk dat in een naïeve stijl geschilderd is voorstellende een strandzicht aan de Atlantische kust in Frankrijk.",
        "year": "1922-1988",
        "artists": {
          "artistid": [
            14
          ]
        },
        "images": {
          "imagepath": [
            "HU-YONGKAI/4.png",
            "a-regniter-2.png"
          ]
        }
      },
      {
        "ItemID": 47,
        "ItemName": "Winter Timber",
        "description": "Fraai groot werk dat in een naïeve stijl geschilderd is voorstellende een strandzicht aan de Atlantische kust in Frankrijk.",
        "year": "1922-1988",
        "artists": {
          "artistid": [
            13,28
          ]
        },
        "images": {
          "imagepath": [
            "CHEN-JIALING/1.png",
            "a-regniter-2.png"
          ]
        }
      },
      {
        "ItemID": 48,
        "ItemName": "Greaves's Farm, Heidelberg",
        "description": "Fraai groot werk dat in een naïeve stijl geschilderd is voorstellende een strandzicht aan de Atlantische kust in Frankrijk.",
        "year": "1922-1988",
        "artists": {
          "artistid": [
            13,28
          ]
        },
        "images": {
          "imagepath": [
            "CHEN-JIALING/2.png",
            "a-regniter-2.png"
          ]
        }
      },
      {
        "ItemID": 49,
        "ItemName": "ZHANG DAQIAN",
        "description": "Fraai groot werk dat in een naïeve stijl geschilderd is voorstellende een strandzicht aan de Atlantische kust in Frankrijk.",
        "year": "1922-1988",
        "artists": {
          "artistid": [
            13,28
          ]
        },
        "images": {
          "imagepath": [
            "CHEN-JIALING/3.png",
            "a-regniter-2.png"
          ]
        }
      },
      {
        "ItemID": 50,
        "ItemName": "Behind Rye, Victoria",
        "description": "Fraai groot werk dat in een naïeve stijl geschilderd is voorstellende een strandzicht aan de Atlantische kust in Frankrijk.",
        "year": "1922-1988",
        "artists": {
          "artistid": [
            13,28
          ]
        },
        "images": {
          "imagepath": [
            "CHEN-JIALING/4.png",
            "a-regniter-2.png"
          ]
        }
      },
      {
        "ItemID": 51,
        "ItemName": "Winter Timber",
        "description": "Fraai groot werk dat in een naïeve stijl geschilderd is voorstellende een strandzicht aan de Atlantische kust in Frankrijk.",
        "year": "1922-1988",
        "artists": {
          "artistid": [
            12,27
          ]
        },
        "images": {
          "imagepath": [
            "WILSON-KA-HO-SHIEH/1.png",
            "a-regniter-2.png"
          ]
        }
      },
      {
        "ItemID": 52,
        "ItemName": "Greaves's Farm, Heidelberg",
        "description": "Fraai groot werk dat in een naïeve stijl geschilderd is voorstellende een strandzicht aan de Atlantische kust in Frankrijk.",
        "year": "1922-1988",
        "artists": {
          "artistid": [
            12,27
          ]
        },
        "images": {
          "imagepath": [
            "WILSON-KA-HO-SHIEH/2.png",
            "a-regniter-2.png"
          ]
        }
      },
      {
        "ItemID": 53,
        "ItemName": "ZHANG DAQIAN",
        "description": "Fraai groot werk dat in een naïeve stijl geschilderd is voorstellende een strandzicht aan de Atlantische kust in Frankrijk.",
        "year": "1922-1988",
        "artists": {
          "artistid": [
            12,27
          ]
        },
        "images": {
          "imagepath": [
            "WILSON-KA-HO-SHIEH/3.png",
            "a-regniter-2.png"
          ]
        }
      },
      {
        "ItemID": 54,
        "ItemName": "Behind Rye, Victoria",
        "description": "Fraai groot werk dat in een naïeve stijl geschilderd is voorstellende een strandzicht aan de Atlantische kust in Frankrijk.",
        "year": "1922-1988",
        "artists": {
          "artistid": [
            12,27
          ]
        },
        "images": {
          "imagepath": [
            "WILSON-KA-HO-SHIEH/4.png",
            "a-regniter-2.png"
          ]
        }
      },
      {
        "ItemID": 55,
        "ItemName": "Winter Timber",
        "description": "Fraai groot werk dat in een naïeve stijl geschilderd is voorstellende een strandzicht aan de Atlantische kust in Frankrijk.",
        "year": "1922-1988",
        "artists": {
          "artistid": [
            11,25
          ]
        },
        "images": {
          "imagepath": [
            "WEI-LIGANG/1.png",
            "a-regniter-2.png"
          ]
        }
      },
      {
        "ItemID": 56,
        "ItemName": "Greaves's Farm, Heidelberg",
        "description": "Fraai groot werk dat in een naïeve stijl geschilderd is voorstellende een strandzicht aan de Atlantische kust in Frankrijk.",
        "year": "1922-1988",
        "artists": {
          "artistid": [
            11,25
          ]
        },
        "images": {
          "imagepath": [
            "WEI-LIGANG/2.png",
            "a-regniter-2.png"
          ]
        }
      },
      {
        "ItemID": 57,
        "ItemName": "ZHANG DAQIAN",
        "description": "Fraai groot werk dat in een naïeve stijl geschilderd is voorstellende een strandzicht aan de Atlantische kust in Frankrijk.",
        "year": "1922-1988",
        "artists": {
          "artistid": [
            11,25
          ]
        },
        "images": {
          "imagepath": [
            "WEI-LIGANG/3.png",
            "a-regniter-2.png"
          ]
        }
      },
      {
        "ItemID": 58,
        "ItemName": "Behind Rye, Victoria",
        "description": "Fraai groot werk dat in een naïeve stijl geschilderd is voorstellende een strandzicht aan de Atlantische kust in Frankrijk.",
        "year": "1922-1988",
        "artists": {
          "artistid": [
            11,25
          ]
        },
        "images": {
          "imagepath": [
            "WEI-LIGANG/4.png",
            "a-regniter-2.png"
          ]
        }
      },
      {
        "ItemID": 59,
        "ItemName": "Winter Timber",
        "description": "Fraai groot werk dat in een naïeve stijl geschilderd is voorstellende een strandzicht aan de Atlantische kust in Frankrijk.",
        "year": "1922-1988",
        "artists": {
          "artistid": [
            16,24
          ]
        },
        "images": {
          "imagepath": [
            "Yoshitomo-nara/1.png",
            "a-regniter-2.png"
          ]
        }
      },
      {
        "ItemID": 60,
        "ItemName": "Greaves's Farm, Heidelberg",
        "description": "Fraai groot werk dat in een naïeve stijl geschilderd is voorstellende een strandzicht aan de Atlantische kust in Frankrijk.",
        "year": "1922-1988",
        "artists": {
          "artistid": [
            16,24
          ]
        },
        "images": {
          "imagepath": [
            "Yoshitomo-nara/2.png",
            "a-regniter-2.png"
          ]
        }
      },
      {
        "ItemID": 61,
        "ItemName": "ZHANG DAQIAN",
        "description": "Fraai groot werk dat in een naïeve stijl geschilderd is voorstellende een strandzicht aan de Atlantische kust in Frankrijk.",
        "year": "1922-1988",
        "artists": {
          "artistid": [
            16,24
          ]
        },
        "images": {
          "imagepath": [
            "Yoshitomo-nara/3.png",
            "a-regniter-2.png"
          ]
        }
      },
      {
        "ItemID": 62,
        "ItemName": "Behind Rye, Victoria",
        "description": "Fraai groot werk dat in een naïeve stijl geschilderd is voorstellende een strandzicht aan de Atlantische kust in Frankrijk.",
        "year": "1922-1988",
        "artists": {
          "artistid": [
            16,24
          ]
        },
        "images": {
          "imagepath": [
            "Yoshitomo-nara/4.png",
            "a-regniter-2.png"
          ]
        }
      },
      {
        "ItemID": 63,
        "ItemName": "Winter Timber",
        "description": "Fraai groot werk dat in een naïeve stijl geschilderd is voorstellende een strandzicht aan de Atlantische kust in Frankrijk.",
        "year": "1922-1988",
        "artists": {
          "artistid": [
            17,25
          ]
        },
        "images": {
          "imagepath": [
            "ZHANG-DAQIAN/1.png",
            "a-regniter-2.png"
          ]
        }
      },
      {
        "ItemID": 64,
        "ItemName": "Greaves's Farm, Heidelberg",
        "description": "Fraai groot werk dat in een naïeve stijl geschilderd is voorstellende een strandzicht aan de Atlantische kust in Frankrijk.",
        "year": "1922-1988",
        "artists": {
          "artistid": [
            17,25
          ]
        },
        "images": {
          "imagepath": [
            "ZHANG-DAQIAN/2.png",
            "a-regniter-2.png"
          ]
        }
      },
      {
        "ItemID": 65,
        "ItemName": "ZHANG DAQIAN",
        "description": "Fraai groot werk dat in een naïeve stijl geschilderd is voorstellende een strandzicht aan de Atlantische kust in Frankrijk.",
        "year": "1922-1988",
        "artists": {
          "artistid": [
            17,25
          ]
        },
        "images": {
          "imagepath": [
            "ZHANG-DAQIAN/3.png",
            "a-regniter-2.png"
          ]
        }
      },
      {
        "ItemID": 66,
        "ItemName": "Behind Rye, Victoria",
        "description": "Fraai groot werk dat in een naïeve stijl geschilderd is voorstellende een strandzicht aan de Atlantische kust in Frankrijk.",
        "year": "1922-1988",
        "artists": {
          "artistid": [
            17,25
          ]
        },
        "images": {
          "imagepath": [
            "ZHANG-DAQIAN/4.png",
            "a-regniter-2.png"
          ]
        }
      },
      {
        "ItemID": 67,
        "ItemName": "Winter Timber",
        "description": "Fraai groot werk dat in een naïeve stijl geschilderd is voorstellende een strandzicht aan de Atlantische kust in Frankrijk.",
        "year": "1922-1988",
        "artists": {
          "artistid": [
            18,25
          ]
        },
        "images": {
          "imagepath": [
            "Takashi-murakami/1.png",
            "a-regniter-2.png"
          ]
        }
      },
      {
        "ItemID": 68,
        "ItemName": "Greaves's Farm, Heidelberg",
        "description": "Fraai groot werk dat in een naïeve stijl geschilderd is voorstellende een strandzicht aan de Atlantische kust in Frankrijk.",
        "year": "1922-1988",
        "artists": {
          "artistid": [
            18,25
          ]
        },
        "images": {
          "imagepath": [
            "Takashi-murakami/2.png",
            "a-regniter-2.png"
          ]
        }
      },
      {
        "ItemID": 69,
        "ItemName": "ZHANG DAQIAN",
        "description": "Fraai groot werk dat in een naïeve stijl geschilderd is voorstellende een strandzicht aan de Atlantische kust in Frankrijk.",
        "year": "1922-1988",
        "artists": {
          "artistid": [
            18,25
          ]
        },
        "images": {
          "imagepath": [
            "Takashi-murakami/3.png",
            "a-regniter-2.png"
          ]
        }
      },
      {
        "ItemID": 70,
        "ItemName": "Behind Rye, Victoria",
        "description": "Fraai groot werk dat in een naïeve stijl geschilderd is voorstellende een strandzicht aan de Atlantische kust in Frankrijk.",
        "year": "1922-1988",
        "artists": {
          "artistid": [
            18,25
          ]
        },
        "images": {
          "imagepath": [
            "Takashi-murakami/4.png",
            "a-regniter-2.png"
          ]
        }
      },
      {
        "ItemID": 71,
        "ItemName": "Winter Timber",
        "description": "Fraai groot werk dat in een naïeve stijl geschilderd is voorstellende een strandzicht aan de Atlantische kust in Frankrijk.",
        "year": "1922-1988",
        "artists": {
          "artistid": [
            19,25
          ]
        },
        "images": {
          "imagepath": [
            "Yayoi-kusama/1.png",
            "a-regniter-2.png"
          ]
        }
      },
      {
        "ItemID": 72,
        "ItemName": "Greaves's Farm, Heidelberg",
        "description": "Fraai groot werk dat in een naïeve stijl geschilderd is voorstellende een strandzicht aan de Atlantische kust in Frankrijk.",
        "year": "1922-1988",
        "artists": {
          "artistid": [
            19,25
          ]
        },
        "images": {
          "imagepath": [
            "Yayoi-kusama/2.png",
            "a-regniter-2.png"
          ]
        }
      },
      {
        "ItemID": 73,
        "ItemName": "ZHANG DAQIAN",
        "description": "Fraai groot werk dat in een naïeve stijl geschilderd is voorstellende een strandzicht aan de Atlantische kust in Frankrijk.",
        "year": "1922-1988",
        "artists": {
          "artistid": [
            19,25
          ]
        },
        "images": {
          "imagepath": [
            "Yayoi-kusama/3.png",
            "a-regniter-2.png"
          ]
        }
      },
      {
        "ItemID": 74,
        "ItemName": "Behind Rye, Victoria",
        "description": "Fraai groot werk dat in een naïeve stijl geschilderd is voorstellende een strandzicht aan de Atlantische kust in Frankrijk.",
        "year": "1922-1988",
        "artists": {
          "artistid": [
            19,26
          ]
        },
        "images": {
          "imagepath": [
            "Yayoi-kusama/4.png",
            "a-regniter-2.png"
          ]
        }
      },
      {
        "ItemID": 75,
        "ItemName": "Winter Timber",
        "description": "Fraai groot werk dat in een naïeve stijl geschilderd is voorstellende een strandzicht aan de Atlantische kust in Frankrijk.",
        "year": "1922-1988",
        "artists": {
          "artistid": [
            20,26
          ]
        },
        "images": {
          "imagepath": [
            "CHIHARU-SHIOTA/1.png",
            "a-regniter-2.png"
          ]
        }
      },
      {
        "ItemID": 76,
        "ItemName": "Greaves's Farm, Heidelberg",
        "description": "Fraai groot werk dat in een naïeve stijl geschilderd is voorstellende een strandzicht aan de Atlantische kust in Frankrijk.",
        "year": "1922-1988",
        "artists": {
          "artistid": [
            20,26
          ]
        },
        "images": {
          "imagepath": [
            "CHIHARU-SHIOTA/2.png",
            "a-regniter-2.png"
          ]
        }
      },
      {
        "ItemID": 77,
        "ItemName": "ZHANG DAQIAN",
        "description": "Fraai groot werk dat in een naïeve stijl geschilderd is voorstellende een strandzicht aan de Atlantische kust in Frankrijk.",
        "year": "1922-1988",
        "artists": {
          "artistid": [
            20,26
          ]
        },
        "images": {
          "imagepath": [
            "CHIHARU-SHIOTA/3.png",
            "a-regniter-2.png"
          ]
        }
      },
      {
        "ItemID": 78,
        "ItemName": "Behind Rye, Victoria",
        "description": "Fraai groot werk dat in een naïeve stijl geschilderd is voorstellende een strandzicht aan de Atlantische kust in Frankrijk.",
        "year": "1922-1988",
        "artists": {
          "artistid": [
            20,25
          ]
        },
        "images": {
          "imagepath": [
            "CHIHARU-SHIOTA/4.png",
            "a-regniter-2.png"
          ]
        }
      }
    ]
  }
}