<Arts>
	<Art>
		<artid>1</artid>
		<title>Classic Art</title>
		<description>Classic Art</description>
		<imagepath>c:\\images\\art-gallery\\classic-art.jpg</imagepath>
		<RedirectURL>?art=1</RedirectURL>
		<seqno>1</seqno>
	</Art>
	<Art>
		<artid>2</artid>
		<title>Modern & Contemporary Art</title>
		<description>Modern &amp; Contemporary Art</description>
		<imagepath>c:\\images\\art-gallery\\modern-contemporary-art.jpg</imagepath>
		<RedirectURL>?art=2</RedirectURL>
		<seqno>2</seqno>
	</Art>
	<Art>
		<artid>3</artid>
		<title>Photography</title>
		<description>Photography</description>
		<imagepath>c:\\images\\art-gallery\\photography.jpg</imagepath>
		<RedirectURL>?art=3</RedirectURL>
		<seqno>3</seqno>
	</Art>
	<Art>
		<artid>4</artid>
		<title>Posters</title>
		<description>Posters</description>
		<imagepath>c:\\images\\art-gallery\\posters.jpg</imagepath>
		<RedirectURL>?art=4</RedirectURL>
		<seqno>4</seqno>
	</Art>
</Arts>
<Artists>
	<Artist>
		<artistid>1</artistid>
		<artistname>Max Carter</artistname>
		<designation>Vice Chairman, 20th and 21st Century Art, Americas</designation>
		<imagepath>c:\\images\\artists\\max-carter.jpg</imagepath>
		<email>MCARTER@test.COM</email>
		<contact>+1 212 636 2311</contact>
		<arts>
			<artid>1</artid>
			<artid>3</artid>
		</arts>
	</Artist>
	<Artist>
		<artistid>2</artistid>
		<artistname>Susen Harvey</artistname>
		<designation>CIO, 20th and 21st Century Art, Americas</designation>
		<imagepath>c:\\images\\susen-harvey.jpg</imagepath>
		<email>SUSENHARVEY@test.COM</email>
		<contact>+1 212 232 2091</contact>
		<arts>
			<artid>1</artid>
			<artid>2</artid>
			<artid>3</artid>
		</arts>
	</Artist>
	<Artist>
		<artistid>3</artistid>
		<artistname>Russel Hugg</artistname>
		<designation>Chairman, 20th and 21st Century Art, Americas</designation>
		<imagepath>c:\\images\\Russel-Hugg.jpg</imagepath>
		<email>RUSSELHUGG@test.COM</email>
		<contact>+1 212 291 9287</contact>
		<arts>
			<artid>1</artid>
			<artid>4</artid>
			<artid>3</artid>
		</arts>
	</Artist>
	<Artist>
		<artistid>4</artistid>
		<artistname>Cristian Albuvde</artistname>
		<designation>Co-head of Departmen</designation>
		<imagepath>c:\\images\\Cristian-Albuvde.jpg</imagepath>
		<email>CRISTIANALBUVDE@test.COM</email>
		<contact>+44 (0)20 7342 1421</contact>
		<arts>
			<artid>1</artid>
			<artid>2</artid>
			<artid>3</artid>
			<artid>4</artid>
		</arts>
	</Artist>
</Artists>
<Items>
	<Item>
		<ItemID>1</ItemID>
		<ItemName>Louis Dali (1905-2001) - Montmartre: au singe qui lit</ItemName>
		<description>Dimensiones de la imagen sin marco: 28 x 23 cm / 41 x 36 cm con precioso marco.</description>
		<year>2000-2001</year>
		<artists>
			<artistid>1</artistid>
			<artistid>2</artistid>
		</artists>
		<images>
			<imagepath>c:\\images\\items\louis-dali-1.jpg</imagepath>
			<imagepath>c:\\images\\items\louis-dali-2.jpg</imagepath>
			<imagepath>c:\\images\\items\louis-dali-3.jpg</imagepath>
		</images>
	</Item>
	<Item>
		<ItemID>2</ItemID>
		<ItemName>Jose Mª Marfa Guarro (1928 - 2012) - Monserrat</ItemName>
		<description>Special work of a special artist such as Jose Mª Marfa was a painter of excellent technique with a perfect mastery of drawing and color.</description>
		<year>2001-2005</year>
		<artists>
			<artistid>3</artistid>
		</artists>
		<images>
			<imagepath>c:\\images\\items\jose-marfa-1.jpg</imagepath>
		</images>
	</Item>
	<Item>
		<ItemID>3</ItemID>
		<ItemName>A. Regeniter (XX) - Groot strandzicht</ItemName>
		<description>Fraai groot werk dat in een naïeve stijl geschilderd is voorstellende een strandzicht aan de Atlantische kust in Frankrijk.</description>
		<year>1922-1988</year>
		<artists>
			<artistid>1</artistid>
			<artistid>2</artistid>
			<artistid>4</artistid>
		</artists>
		<images>
			<imagepath>c:\\images\\items\a-regniter-1.jpg</imagepath>
			<imagepath>c:\\images\\items\a-regniter-2.jpg</imagepath>
		</images>
	</Item>
</Items>