{
  "Arts": {
    "Art": [
      {
        "artid": 1,
        "title": "Classic Art",
        "description": "Classic Art",
        "imagepath": "classic-art.jpg",
        "RedirectURL": "?art=1",
        "seqno": 1
      },
      {
        "artid": 2,
        "title": "Modern & Contemporary Art",
        "description": "Modern &amp; Contemporary Art",
        "imagepath": "modern-contemporary-art.jpg",
        "RedirectURL": "?art=2",
        "seqno": 2
      },
      {
        "artid": 3,
        "title": "Photography",
        "description": "Photography",
        "imagepath": "photography.jpg",
        "RedirectURL": "?art=3",
        "seqno": 3
      },
      {
        "artid": 4,
        "title": "Posters",
        "description": "Posters",
        "imagepath": "posters.jpg",
        "RedirectURL": "?art=4",
        "seqno": 4
      }
    ]
  },
  "Artists": {
    "Artist": [
      {
        "artistid": 1,
        "artistname": "Max Carter",
        "designation": "Vice Chairman, 20th and 21st Century Art, Americas",
        "imagepath": "1.jpg",
        "email": "MCARTER@test.COM",
        "contact": "+1 212 636 2311",
        "arts": {
          "artid": [
            1,
            3
          ]
        }
      },
      {
        "artistid": 2,
        "artistname": "Susen Harvey",
        "designation": "CIO, 20th and 21st Century Art, Americas",
        "imagepath": "2.jpg",
        "email": "SUSENHARVEY@test.COM",
        "contact": "+1 212 232 2091",
        "arts": {
          "artid": [
            1,
            2,
            3
          ]
        }
      },
      {
        "artistid": 3,
        "artistname": "Russel Hugg",
        "designation": "Chairman, 20th and 21st Century Art, Americas",
        "imagepath": "3.jpg",
        "email": "RUSSELHUGG@test.COM",
        "contact": "+1 212 291 9287",
        "arts": {
          "artid": [
            1,
            4,
            3
          ]
        }
      },
      {
        "artistid": 4,
        "artistname": "Cristian Albuvde",
        "designation": "Co-head of Departmen",
        "imagepath": "4.jpg",
        "email": "CRISTIANALBUVDE@test.COM",
        "contact": "+44 (0)20 7342 1421",
        "arts": {
          "artid": [
            1,
            2,
            3,
            4
          ]
        }
      }
    ]
  },
  "Items": {
    "Item": [
      {
        "ItemID": 1,
        "ItemName": "Louis Dali (1905-2001) - Montmartre: au singe qui lit",
        "description": "Dimensiones de la imagen sin marco: 28 x 23 cm / 41 x 36 cm con precioso marco.",
        "year": "2000-2001",
        "artists": {
          "artistid": [
            1,
            2
          ]
        },
        "images": {
          "imagepath": [
            "5.jpg",
            "louis-dali-2.jpg",
            "louis-dali-3.jpg"
          ]
        }
      },
      {
        "ItemID": 2,
        "ItemName": "Jose Mª Marfa Guarro (1928 - 2012) - Monserrat",
        "description": "Special work of a special artist such as Jose Mª Marfa was a painter of excellent technique with a perfect mastery of drawing and color.",
        "year": "2001-2005",
        "artists": {
          "artistid": 3
        },
        "images": {
          "imagepath": "6.jpg"
        }
      },
      {
        "ItemID": 3,
        "ItemName": "A. Regeniter (XX) - Groot strandzicht",
        "description": "Fraai groot werk dat in een naïeve stijl geschilderd is voorstellende een strandzicht aan de Atlantische kust in Frankrijk.",
        "year": "1922-1988",
        "artists": {
          "artistid": [
            1,
            2,
            4
          ]
        },
        "images": {
          "imagepath": [
            "7.jpg",
            "a-regniter-2.jpg"
          ]
        }
      }
    ]
  }
}